{
	"info": {
		"_postman_id": "7f42ffbe-dc44-497b-a97e-142cba9f7d27",
		"name": "blogsBackend",
		"schema": "https://schema.getpostman.com/json/collection/v2.0.0/collection.json",
		"_exporter_id": "3112594"
	},
	"item": [
		{
			"name": "registration",
			"request": {
				"method": "POST",
				"header": [],
				"body": {
					"mode": "raw",
					"raw": " {\n           \"username\":\"amol1\",\n           \"email\":\"amol1@gmail.com\",\n            \"password\":\"12345\"\n        }",
					"options": {
						"raw": {
							"language": "json"
						}
					}
				},
				"url": "http://localhost:8080/api/v1/user/registration"
			},
			"response": []
		},
		{
			"name": "login",
			"request": {
				"method": "POST",
				"header": [],
				"body": {
					"mode": "raw",
					"raw": " {\n           \"email\":\"amol1@gmail.com\",\n            \"password\":\"12345\"\n        }",
					"options": {
						"raw": {
							"language": "json"
						}
					}
				},
				"url": "http://localhost:8080/api/v1/user/login"
			},
			"response": []
		},
		{
			"name": "created_blogs",
			"request": {
				"method": "POST",
				"header": [
					{
						"key": "Authorization",
						"value": "eyJhbGciOiJIUzI1NiIsInR5cCI6IkpXVCJ9.eyJ1c2VybmFtZSI6ImFtb2wxIiwiaWQiOiI2NjI2OTRiOTJkYmY2ODA0MTA3ZTA0YWEiLCJpYXQiOjE3MTM4MDQ0ODYsImV4cCI6MTcxMzgwODA4Nn0.mVfFP4rDe5Ifdn_6ZoLIPyMV0KnbnTqE_Yk7FLKMXO0",
						"type": "text"
					}
				],
				"body": {
					"mode": "raw",
					"raw": " {\n           \"title\":\"MAR\",\n           \"description\":\"welcome to nodejs\"\n        }",
					"options": {
						"raw": {
							"language": "json"
						}
					}
				},
				"url": "http://localhost:8080/api/v1/blogs"
			},
			"response": []
		},
		{
			"name": "userInformation",
			"protocolProfileBehavior": {
				"disableBodyPruning": true
			},
			"request": {
				"method": "GET",
				"header": [],
				"body": {
					"mode": "raw",
					"raw": " {\n           \"email\":\"akash@gmail.com\",\n            \"password\":\"12345\"\n        }",
					"options": {
						"raw": {
							"language": "json"
						}
					}
				},
				"url": "http://localhost:8080/api/v1/user/6623f1393e731b7dcac7cf25"
			},
			"response": []
		},
		{
			"name": "delete_blogs",
			"request": {
				"method": "DELETE",
				"header": [
					{
						"key": "Authorization",
						"value": "eyJhbGciOiJIUzI1NiIsInR5cCI6IkpXVCJ9.eyJ1c2VybmFtZSI6InN1cmVzaCIsImlkIjoiNjYyM2YxMzkzZTczMWI3ZGNhYzdjZjI1IiwiaWF0IjoxNzEzNjMxNjY2LCJleHAiOjE3MTM2MzUyNjZ9.6-rQfL7wHB_h-YnxbHYHQTAa_9nWPPL_PR6dpUhKMpE",
						"type": "text",
						"disabled": true
					}
				],
				"body": {
					"mode": "raw",
					"raw": " {\n           \"email\":\"akash@gmail.com\",\n            \"password\":\"12345\"\n        }",
					"options": {
						"raw": {
							"language": "json"
						}
					}
				},
				"url": "http://localhost:8080/api/v1/blogs/6623f17b3e731b7dcac7cf2e"
			},
			"response": []
		},
		{
			"name": "get_blogs",
			"protocolProfileBehavior": {
				"disableBodyPruning": true
			},
			"request": {
				"method": "GET",
				"header": [
					{
						"key": "Authorization",
						"value": "eyJhbGciOiJIUzI1NiIsInR5cCI6IkpXVCJ9.eyJ1c2VybmFtZSI6InN1cmVzaCIsImlkIjoiNjYyM2VjMGEzNTljYjAyYTBmYjQ4YjQzIiwiaWF0IjoxNzEzNjMwMjI1LCJleHAiOjE3MTM2MzM4MjV9.QU6joBZ5YQEb5_3p9MXMl9qhXW3xyMnsiQ0zDs2cppc",
						"type": "text"
					}
				],
				"body": {
					"mode": "raw",
					"raw": " {\n           \"title\":\"Bl2\",\n           \"description\":\"welcome to blogs\"\n        }",
					"options": {
						"raw": {
							"language": "json"
						}
					}
				},
				"url": "http://localhost:8080/api/v1/blogs"
			},
			"response": []
		},
		{
			"name": "blogs_comments",
			"request": {
				"method": "PATCH",
				"header": [
					{
						"key": "Authorization",
						"value": "eyJhbGciOiJIUzI1NiIsInR5cCI6IkpXVCJ9.eyJ1c2VybmFtZSI6ImFtb2wiLCJpZCI6IjY2MjNmNzhlOTMzMzhjZWM0Yjc2OTI4ZCIsImlhdCI6MTcxMzYzMzE3MSwiZXhwIjoxNzEzNjM2NzcxfQ.STSHsdqWcrhccvk0ULvdjRXYo8VNCp1-uXRlLsOtOtg",
						"type": "text"
					}
				],
				"body": {
					"mode": "raw",
					"raw": " {\n           \"comments\":\"comments by amol\"\n        }",
					"options": {
						"raw": {
							"language": "json"
						}
					}
				},
				"url": "http://localhost:8080/api/v1/blogs/comments/6623f75d93338cec4b769287"
			},
			"response": []
		},
		{
			"name": "blogs_vote",
			"request": {
				"method": "PATCH",
				"header": [
					{
						"key": "Authorization",
						"value": "eyJhbGciOiJIUzI1NiIsInR5cCI6IkpXVCJ9.eyJ1c2VybmFtZSI6ImFtb2wxIiwiaWQiOiI2NjI2OTRiOTJkYmY2ODA0MTA3ZTA0YWEiLCJpYXQiOjE3MTM4MDQ5MzUsImV4cCI6MTcxMzgwODUzNX0.VYWUy_UwVdzf8-zVKYjIdB7FXou0qT6fKqeldgbxfsw",
						"type": "text"
					}
				],
				"body": {
					"mode": "raw",
					"raw": " {\n           \"vote\":false\n        }",
					"options": {
						"raw": {
							"language": "json"
						}
					}
				},
				"url": "http://localhost:8080/api/v1/blogs/vote/662694d52dbf6804107e04ae"
			},
			"response": []
		}
	]
}